{"cameraMode":{"drawMode":0,"name":"Shaded","section":"Shading Mode"},"sceneLighting":true,"audioPlay":false,"sceneViewState":{"showFog":true,"showMaterialUpdate":false,"showSkybox":true,"showFlares":true,"showImageEffects":true,"showParticleSystems":true},"in2DMode":false,"pivot":{"x":-19.488101959228517,"y":-1.1690125465393067,"z":5.436017990112305},"rotation":{"x":-0.10932685434818268,"y":0.7867751717567444,"z":-0.1458609700202942,"w":-0.5897102952003479},"size":10.0,"orthographic":false}