{"cameraMode":{"drawMode":0,"name":"Shaded","section":"Shading Mode"},"sceneLighting":true,"audioPlay":false,"sceneViewState":{"showFog":true,"showMaterialUpdate":false,"showSkybox":true,"showFlares":true,"showImageEffects":true,"showParticleSystems":true},"in2DMode":false,"pivot":{"x":0.00007288470806088299,"y":0.47023868560791018,"z":-0.00093611772172153},"rotation":{"x":-0.18065762519836427,"y":0.04040814936161041,"z":-0.007428922690451145,"w":-0.9826908111572266},"size":1.551790714263916,"orthographic":false}